country,year,enscore,enero91v,ccii,gwe,gwghg
argentina,2011,,,-1.6282272,,
argentina,2012,,,-0.88176137,,
argentina,2013,,,-0.99763423,,
argentina,2014,,,-0.93008739,,
argentina,2015,,,-0.97186214,,
argentina,2016,6.0799999,,-0.68081659,,
argentina,2017,28.92,,-0.18797544,-1.868144,
argentina,2018,26.190001,,-0.53039455,0.53944153,
argentina,2019,18.110001,,1.4093807,1.1860372,
argentina,2020,32.349998,,1.3852117,-1.3158414,
argentina,2021,40.450001,,1.2393923,-0.99963808,
argentina,2022,38.060001,,-0.113196905,-0.60763609,
australia,2011,43.25497284,477.3640484,0.066359179,-0.352466035,0.415233108
australia,2012,42.84368417,429.8392949,0.368374325,0.429930683,0.71171882
australia,2013,42.12345349,570.5484996,-0.137893676,-0.037264806,0.230559986
australia,2014,40.62349268,588.6666673,-0.019987155,-0.186679552,0.63767681
australia,2015,42.87809744,642.5142445,-0.136310011,-0.077863196,0.099273361
australia,2016,45.10484679,1135.803,0.007584918,0.174269556,0.234210358
australia,2017,46.64607333,1350.08934,-0.050397294,-0.023425748,0.266219216
australia,2018,49.58721316,1213.144862,0.0996027,0.033345169,0.402101734
australia,2019,52.09211093,1472.533282,0.207566223,0.211581076,0.567725182
australia,2020,54.52642049,1560.093335,-0.150695149,-0.023893973,-3.63E-05
australia,2021,56.66547633,1274.714691,0.340714526,0.347952341,0.264337252
australia,2022,57.4322989,1153.202501,-0.118591174,0.173338552,0.182710473
austria,2011,57.6210006,609.1442577,-0.480697081,-0.387126341,-0.235702038
austria,2012,56.18909055,743.5216501,0.002745746,0.589243575,0.61702509
austria,2013,57.86818118,713.6583319,0.142064945,0.123707633,0.585721663
austria,2014,56.67272691,619.1133363,-0.066773333,0.609875128,0.321186537
austria,2015,58.08545464,1188.841986,0.340920795,0.501261985,1.172126568
austria,2016,64.56272691,1140.783354,0.519383535,0.12876779,1.108365291
austria,2017,62.13785786,1389.518741,0.296782086,0.34561685,0.697051983
austria,2018,59.36142981,1757.576123,0.337369016,0.517741798,0.340646787
austria,2019,61.46952424,1650.149338,0.332359013,0.196215704,-0.179938337
austria,2020,64.46999971,1520.917088,0.117247767,0.230034066,0.016351706
austria,2021,64.457619,1133.635551,0.937306955,0.86479816,0.77472679
austria,2022,68.01647029,771.2612648,0.617971579,0.542171411,0.682531989
belgium,2011,52.0089997,52.68428559,0.319773332,0.326587449,0.369568678
belgium,2012,52.99238133,252.4124976,0.439220615,0.241382384,0.53356918
belgium,2013,52.18904717,244.7439992,-0.05578322,0.055422285,-0.123573648
belgium,2014,50.26090886,305.5966668,-0.024479869,0.164581447,0.2296987
belgium,2015,53.23956447,413.8611186,-0.007802119,-0.033598956,0.139378454
belgium,2016,55.00818159,427.8300013,0.4101795,0.28012577,0.435646231
belgium,2017,56.81038523,1008.297288,0.32434932,-0.344009224,0.514197581
belgium,2018,61.21285736,964.7983259,0.311975163,-0.000823286,0.355668848
belgium,2019,65.96571354,642.5847309,0.626299248,0.12789651,-0.107208682
belgium,2020,70.09428521,649.9510088,-0.136290794,-0.24192929,-0.023452893
belgium,2021,70.56178546,1222.46455,0.447078256,0.509628872,0.93875847
belgium,2022,69.16360012,1278.107276,0.345495078,0.424170841,0.271744842
bermuda,2011,33.22199978,988.0266667,-0.976092507,-1.01276522,-0.39406416
bermuda,2012,34.8500004,1481.3667,-0.37829918,-0.050321996,0.168274512
bermuda,2013,34.84800102,933.5433667,-1.7939814,-0.624226721,0.011767652
bermuda,2014,35.0600002,3.29499995,,0.004448229,-0.080553215
bermuda,2015,32.91250025,3.93999995,-1.26043479,-0.119258057,-0.212202962
bermuda,2016,24.78666703,4.01499985,-1.09733414,0.081582583,-0.383564519
bermuda,2017,16.82749975,4.0150001,-1.1860483,0.100813687,-0.603367783
bermuda,2018,25.3333335,971.7333334,-0.26498112,-0.363331978,-0.28075692
bermuda,2019,31.3083335,608.2899999,0.023156903,-0.291727889,-1.12445269
bermuda,2020,37.85000033,564.7699987,-0.419382565,-0.531803307,-0.34130714
bermuda,2021,44.95,682.4566667,0.074335776,-0.689983759,0.030734587
bermuda,2022,44.68666683,886.1225005,-0.36268125,0.024329352,-0.420669027
brazil,2011,47.60543857,587.0941359,-0.574499406,-0.074467018,-0.300568541
brazil,2012,51.87603452,480.8278611,-0.125430373,-0.330499931,-0.3526113
brazil,2013,51.80203396,590.5947527,-0.475850749,-0.140022088,-0.05158934
brazil,2014,51.87879327,935.618226,-0.584404595,-0.155850568,-0.033762439
brazil,2015,53.99982768,1244.107148,-0.326970918,-0.05724471,-0.083408838
brazil,2016,57.36912304,912.165682,-0.335812376,-0.220214287,-0.333529023
brazil,2017,59.25983047,1000.518049,-0.450888601,-0.028650148,0.124470613
brazil,2018,58.0961667,917.1632626,-0.029605213,0.390634574,-0.271085818
brazil,2019,56.07352098,1052.261136,0.339408987,0.267696244,0.240508214
brazil,2020,58.0462158,1255.11169,-0.186662094,0.153133637,0.194332033
brazil,2021,62.53597182,1320.163592,0.136524221,0.012694619,0.302484491
brazil,2022,63.39652157,1266.777826,-0.204302027,0.095742853,0.042023333
cambodia,2011,,,,,
cambodia,2012,,,,,
cambodia,2013,,,,,
cambodia,2014,,,,,
cambodia,2015,,,,,
cambodia,2016,,,,,
cambodia,2017,,,,,
cambodia,2018,,,,,
cambodia,2019,71.599998,,,,
cambodia,2020,79.220001,,-3.2159438,-3.6994748,
cambodia,2021,81.870003,,-2.3282704,-2.3806427,
cambodia,2022,80.629997,65.489998,-2.5114701,-2.1709454,
canada,2011,42.46036729,214.6669394,-0.377420676,-0.022039166,0.196858959
canada,2012,44.42714279,405.3368315,0.122074892,0.035867171,0.353915607
canada,2013,44.17657356,318.6825572,-0.100550994,-0.012634793,0.284201252
canada,2014,43.87349318,423.1041989,-0.181127253,-0.105531009,0.106037987
canada,2015,44.15945935,779.155209,-0.237235128,-0.078641521,0.412407889
canada,2016,44.44534245,946.699184,-0.224270751,-0.054479494,0.352733322
canada,2017,47.15691781,447.0573234,-0.089093529,-0.16595204,0.241680611
canada,2018,50.14952051,788.5480012,-0.022944974,-0.078228739,0.240067631
canada,2019,54.79554044,959.6064732,0.098429867,-0.227539826,-0.001453765
canada,2020,58.88413762,1309.799665,-0.153567101,-0.20887843,-0.176181026
canada,2021,61.10471817,1028.283525,0.333995851,0.257259641,0.390161677
canada,2022,61.1814999,1134.533331,-0.054023484,-0.06921143,0.234432006
cayman islands,2011,4.9699998,,,,
cayman islands,2012,3.51,,,0.14221212,
cayman islands,2013,3.8599999,,,0.21728796,
cayman islands,2014,5.0100002,,,-0.12798512,
cayman islands,2015,22.86000005,,,0.19529414,
cayman islands,2016,21.68999955,,,0.293936935,
cayman islands,2017,21.30499955,,,0.39700173,
cayman islands,2018,43.95,,-1.3598157,-2.39444795,
cayman islands,2019,38.146667,486.29999,-0.495702,-0.38990258,
cayman islands,2020,47.493333,562.87,-1.330593105,-1.730329323,0.030231124
cayman islands,2021,50.70333367,530.02002,-0.402315217,-0.646641497,0.42584199
cayman islands,2022,63.96333333,499.85001,-0.668474165,-2.47628068,-0.38607058
chile,2011,23.182,1899.64,-0.70404255,0.501604494,0.081253365
chile,2012,30.834,1229.44505,-0.15680079,-0.60332906,0.18964086
chile,2013,42.2319996,1300.625045,-1.035905495,-1.604467354,-0.440104915
chile,2014,43.1780006,797.76,-0.74110341,-0.329428564,-0.41218245
chile,2015,52.741666,1451.195028,-0.169684728,-1.130807956,0.266966967
chile,2016,51.236667,1181.553315,-0.344026993,0.166849615,0.135001279
chile,2017,68.42500033,1268.056667,-0.22601715,-1.804394918,-0.252719078
chile,2018,73.88666517,1198.996665,0.365564248,-0.294783525,-0.057460095
chile,2019,73.80166633,1200.28168,0.447095318,0.53672517,0.181746901
chile,2020,71.94499917,1680.015023,0.428180953,0.743141893,0.188225657
chile,2021,70.64499967,1404.823334,0.528258733,0.915595195,0.740987713
chile,2022,71.07333267,1175.123333,0.336041414,0.424702464,0.35605696
china,2011,24.3832433,25.6,-0.635371478,0.957889757,
china,2012,29.53081056,40.8949995,0.051817476,-0.136235184,0.54257107
china,2013,29.52195106,240.6300045,-0.715275925,-0.01749015,1.2903819
china,2014,34.5458139,492.0924775,-0.645018895,-0.646638787,-0.34758219
china,2015,41.70674406,1099.1425,-0.282806004,-0.654753259,0.810322913
china,2016,46.5740906,869.1314157,-0.345451324,-0.563476561,0.421557656
china,2017,47.24189645,833.2366467,0.068064065,-0.285664161,0.531578183
china,2018,48.59883322,734.4281627,-0.385882882,-0.078093827,0.414436252
china,2019,52.78492057,971.8064829,0.178305918,-0.185380546,0.40131361
china,2020,55.92906236,1446.981123,-0.285164998,-0.361994931,0.677319094
china,2021,60.53937471,24758.16652,0.494071477,-0.156997581,0.592778459
china,2022,64.92646145,824.0291694,0.173334486,-0.483862051,0.472281434
colombia,2011,41.71555622,1141.906633,0.23012571,0.397099455,1.2677855
colombia,2012,38.81333278,1090.250003,-0.46330938,0.310783216,-0.144263885
colombia,2013,43.08333212,854.212014,-0.496300295,-0.599403196,-0.078280664
colombia,2014,54.984444,919.1142699,-0.06919273,-1.049117052,0.002710422
colombia,2015,57.42555578,305.9083534,0.011207685,0.274751445,-0.0107962
colombia,2016,65.619231,656.5933369,0.095249452,-0.579646521,0.163493762
colombia,2017,67.88399967,461.7936528,0.529744089,-0.000761568,0.419902454
colombia,2018,67.01000021,623.2144335,0.362974403,0.399140867,0.436472073
colombia,2019,70.72928464,1203.575857,0.556639332,0.105912473,0.168026115
colombia,2020,70.28428629,1491.386673,0.07458385,0.354941567,0.15895313
colombia,2021,64.44916667,1646.353635,0.18735185,0.58813961,0.401388264
colombia,2022,67.53818109,1927.534564,-0.540753247,-0.668558412,0.009898184
czechia,2011,42.009998,,0.42669246,0.59290063,
czechia,2012,39.360001,,,0.20012851,
czechia,2013,36.009998,,,0.7620362,
czechia,2014,31.99,,,0.49762157,
czechia,2015,64.489998,,,-3.6253872,
czechia,2016,55.664999,2022.53995,,0.19679423,
czechia,2017,62.59,1598.46,-0.98435992,-0.91808553,-1.122573
czechia,2018,64.369999,1766.85995,0.000432269,0.066562068,0.401431738
czechia,2019,68.214998,1502.4,-0.56593171,-0.670750135,-0.83491719
czechia,2020,66.6350005,1928.88005,-0.290529424,0.146842235,0.096794725
czechia,2021,70.4699995,2092.90505,0.45047865,0.12569873,0.513059295
czechia,2022,75.1049995,1805.265,0.268162056,-0.488077335,0.312781284
denmark,2011,51.39391268,190.5238903,-0.315438861,-0.440033369,-0.152119743
denmark,2012,53.60739126,241.6250006,0.325756708,0.265417307,0.312426616
denmark,2013,54.39956526,282.9577776,0.082064858,0.17081807,0.026569914
denmark,2014,54.48916646,231.0009094,-0.084281147,0.212356483,-1.157276158
denmark,2015,57.01960024,273.9081856,0.127471086,0.28498247,0.291278992
denmark,2016,54.21074063,363.0618171,-0.101133898,0.220799445,0.466426638
denmark,2017,52.374333,97.99249999,-0.545210956,-0.142140717,-0.213356136
denmark,2018,51.24031209,355.7199979,0.051553183,0.157748219,0.12674939
denmark,2019,55.47852982,5215.908759,0.326503537,0.125365847,0.818597673
denmark,2020,57.08914266,604.9720047,0.182572027,0.260354758,0.102724262
denmark,2021,61.01685726,5046.139638,0.603504251,0.263826905,0.459609362
denmark,2022,63.39266703,2638.3,0.588810269,0.280876631,-0.37917987
ecuador,2017,,,,,
ecuador,2018,,,,,
ecuador,2019,,,,,
ecuador,2020,,,,,
ecuador,2021,,,0.016082948,,
ecuador,2022,,,-0.537072,,
egypt,2011,9.633333333,,,0.89244617,
egypt,2012,8.090000067,,,0.356521727,
egypt,2013,8.666666667,,,-0.043268504,
egypt,2014,26.99333333,,,-1.602776309,
egypt,2015,31.929999,,-1.5338105,-0.752426747,
egypt,2016,33.093333,,-1.4928727,-0.424622743,
egypt,2017,46.65333333,,,-1.192463263,
egypt,2018,48.20666767,43.130001,-1.0612214,-0.225304,
egypt,2019,49.06999967,31.98,-0.59495306,0.077895883,-0.71467203
egypt,2020,43.60249975,30.335,-1.547254,-0.50142244,-1.5983778
egypt,2021,39.864,485.2925,0.188443975,0.199768603,0.093332024
egypt,2022,35.7219994,781.494967,0.073132023,1.130582465,0.605322858
estonia,2018,,,,,
estonia,2019,,,,,
estonia,2020,,,,,
estonia,2021,,,-0.22535221,,
estonia,2022,,,-0.74175894,,
finland,2011,64.20625042,404.2716696,0.280760596,0.089197378,0.470490115
finland,2012,63.11916705,628.4673774,0.590631466,0.833245649,0.781420563
finland,2013,63.88720052,559.7850044,0.349533866,0.135897598,0.034481819
finland,2014,62.58791679,847.7673445,0.413360583,0.532459994,0.548150065
finland,2015,67.68217391,1099.763859,0.427464538,0.078444286,0.621237706
finland,2016,68.968261,1098.684017,0.413012275,0.243308184,0.399768258
finland,2017,65.95740733,790.1726259,0.049182862,0.245378895,0.099295726
finland,2018,65.12499941,907.6143976,0.383328467,0.20442038,0.583744657
finland,2019,66.0303027,1354.959999,0.706932832,0.880654535,0.884239863
finland,2020,67.01361156,1089.389084,0.317242464,0.356471886,0.258558971
finland,2021,68.40111133,1730.603338,0.86185837,0.831589953,1.043930247
finland,2022,70.35441109,1222.445451,0.454076878,0.392743283,0.215962053
france,2011,69.03695138,464.7687722,0.314356477,0.058789121,0.349219952
france,2012,68.83528753,458.6905755,0.684111887,0.567238734,0.593797077
france,2013,68.88827621,391.1608627,0.339348351,0.317632491,0.190245858
france,2014,69.60125028,412.4883728,0.385897885,0.311119228,0.266723663
france,2015,71.5872724,317.4417497,0.45102132,0.311540769,0.61272817
france,2016,73.78693161,391.8228245,0.246853758,0.235857068,0.396838534
france,2017,74.75406233,789.6805969,0.199303439,0.311147005,0.567665924
france,2018,71.60767209,843.1751235,0.60458835,0.62959485,0.630772436
france,2019,73.39652572,1036.348201,0.775773537,0.800535376,0.677428227
france,2020,73.24966416,1101.227281,0.485361468,0.625378206,0.418895244
france,2021,73.82181103,1455.652708,0.928465583,0.989938145,0.891759114
france,2022,75.11971678,1289.362251,0.646137385,0.471458119,0.558064396
germany,2011,60.12179118,493.8943865,0.202303124,0.059858277,0.609436742
germany,2012,61.13358198,512.963995,0.420711487,0.571906509,0.805169618
germany,2013,61.04728531,451.1819444,0.198160345,0.266657602,0.356522467
germany,2014,60.88202689,561.3220488,0.195597396,0.17383254,0.50651172
germany,2015,60.91192312,620.3054358,0.175471054,0.292709189,0.597271141
germany,2016,62.81062536,682.4694408,0.320623742,0.13351158,0.691936353
germany,2017,59.35378939,858.7594477,0.107271196,0.326335827,0.509096447
germany,2018,57.41884973,995.8930496,0.414301401,0.259454854,0.523162021
germany,2019,60.41870706,1445.807904,0.537817831,0.422223148,0.467078998
germany,2020,62.73283323,1754.364998,0.281583727,0.145684885,0.22333521
germany,2021,62.93258597,1905.408409,0.740817163,0.772565852,0.785880015
germany,2022,64.95676471,1540.953972,0.390840829,0.244208734,0.348450102
greece,2011,76.84833383,25.65666637,-0.32588062,-0.531383386,-0.33164343
greece,2012,73.09,32.53,-0.13415197,0.543449037,-0.049656634
greece,2013,73.741668,44.31500075,-0.58290964,-0.141477502,-0.103952659
greece,2014,76.79500183,43.46666733,0.20009221,-0.139832461,0.171415484
greece,2015,77.53333167,52.2550005,0.1282838,0.254829559,0.257591786
greece,2016,80.76666383,115.622503,0.05185907,-0.120328609,0.13670721
greece,2017,76.878571,649.9140224,0.21021681,0.330138991,0.156247242
greece,2018,72.19571414,500.0383486,0.310081228,0.96616695,0.158033544
greece,2019,78.94999833,425.0816648,0.448970768,-0.018391515,0.214034361
greece,2020,82.57833483,901.1349667,0.539308138,0.243742818,0.788591361
greece,2021,83.0500005,703.8050002,0.728142883,0.784882703,0.453103763
greece,2022,84.473334,4727.778285,0.654819439,0.399625278,1.221884015
guernsey,2011,44.2749995,42.610001,1.1960057,0.73411894,1.5992872
guernsey,2012,37.879999,49.0050015,1.1741644,2.5066507,1.2197193
guernsey,2013,32.3199995,50.0900005,-0.58290962,0.40499988,0.15990256
guernsey,2014,35.9400005,47.295,-0.490573087,-0.76319605,-0.27885121
guernsey,2015,26.40333334,43.9500005,-0.1773123,0.74546975,0.24986815
guernsey,2016,32.97999967,44.4449995,0.112915373,-0.606603667,0.65392089
guernsey,2017,44.456666,46.3599985,0.80750519,-1.221479677,0.78791875
guernsey,2018,74.6899985,41.6800005,-0.176510004,0.19519275,-0.05855995
guernsey,2019,75.674999,31.1300015,0.74126947,0.99245757,0.61302018
guernsey,2020,75.785,20.0950005,0.70848882,1.1117572,0.65702313
guernsey,2021,75.9599995,17.2200005,1.0646338,1.1658925,0.95879757
guernsey,2022,76.519997,18.110001,0.40463799,0.56682485,0.35700297
hong kong,2011,40.19052609,2085.413811,-0.344568888,0.223779321,1.287762763
hong kong,2012,46.94142829,1938.696249,0.444215898,-0.445212129,-0.095220056
hong kong,2013,47.91714329,113.511998,0.139170515,0.325052329,-0.351667587
hong kong,2014,50.36272695,132.0480006,0.346733102,0.007498374,0.112989783
hong kong,2015,54.42318205,192.314001,0.790791658,0.110088659,-0.422444681
hong kong,2016,55.20086939,213.2077745,0.614373322,0.325803289,-0.164750807
hong kong,2017,56.76749996,175.4220013,0.527543289,-0.1099667,-0.066669723
hong kong,2018,59.93125013,191.8988913,0.02882844,-0.00607284,0.001709207
hong kong,2019,63.11037056,722.1616742,0.154940417,-0.104150818,0.110183892
hong kong,2020,64.28076912,693.7676925,-0.407506526,-0.010268488,-0.092081483
hong kong,2021,69.95730746,1052.628679,0.486097082,-0.316619945,0.314405942
hong kong,2022,71.36173891,1167.099262,0.274075304,0.119965713,0.639351258
hungary,2011,74.800003,48.639999,0.32635638,-0.55352336,0.65684539
hungary,2012,70.970001,39.52,1.1741644,1.7568032,1.1645974
hungary,2013,69.519997,,0.86862642,1.1595348,
hungary,2014,71.75,,1.5186352,1.4297695,
hungary,2015,77.239998,,1.4117874,1.1822959,
hungary,2016,77.760002,,1.5172104,1.7397784,
hungary,2017,77.040001,120.25,1.4047935,1.6897507,
hungary,2018,79.599998,120.71,0.88514358,0.9183377,0.87166965
hungary,2019,71.910004,111.45,1.0753251,2.2351511,0.9603619
hungary,2020,75.800003,99.5,1.1596375,0.97875386,1.1069125
hungary,2021,70.970001,125.21,1.4141507,2.2892234,1.3211635
hungary,2022,74.239998,205.58,0.92781019,0.4078398,0.8940165
iceland,2011,,,,,
iceland,2012,,,,,
iceland,2013,,,,,
iceland,2014,,,,,
iceland,2015,,,-1.4521956,,
iceland,2016,,,-2.2842124,,
iceland,2017,,,-1.4157668,,
iceland,2018,,,,,
iceland,2019,,,,,
iceland,2020,30.469999,25.940001,,,
iceland,2021,59.959999,23.25,,-3.8005342,-0.2734074
iceland,2022,64.879997,161.71001,,-0.52378488,1.5795178
india,2011,48.13894715,752.0578428,-0.058257563,0.028113742,-1.400218505
india,2012,48.69407861,537.8267682,0.473323677,-0.091266642,0.814473572
india,2013,49.59719472,1123.604984,0.191219032,0.104059293,0.643271467
india,2014,50.32083314,1880.324607,0.195519272,-0.129657541,0.426044314
india,2015,53.37341173,2082.6264,0.236858066,0.131010625,0.591929432
india,2016,56.52885024,1896.296418,0.321571446,-0.147979164,0.329910147
india,2017,58.35692284,1920.433344,0.420254984,0.288885227,0.527666231
india,2018,57.6503001,2460.396112,0.443543296,0.468405939,0.695732504
india,2019,58.55927952,2730.509368,0.50706751,0.206244548,0.279325376
india,2020,60.61312002,3262.003429,0.117370358,0.096244467,0.307000314
india,2021,59.62606659,3239.682958,0.728149572,0.509739655,0.439777931
india,2022,58.57654754,2950.35934,0.048878871,0.301933497,0.212395778
indonesia,2011,44.6959994,,-0.217174455,-0.341633431,
indonesia,2012,55.7739994,,,-0.928354338,
indonesia,2013,53.27999983,,,-0.677176844,
indonesia,2014,49.958333,,-1.078858305,0.414917468,
indonesia,2015,46.96333317,,-0.540065943,0.526575682,
indonesia,2016,46.22666617,1418.63,-0.94634929,0.00888872,
indonesia,2017,48.73285771,,-0.486059063,0.118025407,
indonesia,2018,51.43571343,,0.28196804,0.035647012,
indonesia,2019,47.00999963,64.059998,0.81699991,0.125249057,
indonesia,2020,49.87499985,,0.26547173,0.047743446,
indonesia,2021,56.4774995,,0.155053731,-0.635309688,
indonesia,2022,59.59874963,8228.79,-0.058977232,-0.416634452,
ireland,2011,43.44260848,308.3866668,0.263460033,-0.211116702,0.640256725
ireland,2012,41.1826663,350.2478587,0.280444538,0.287228353,0.278119627
ireland,2013,42.38299929,420.0975001,0.388508549,-0.17754916,0.03211269
ireland,2014,44.03866677,368.2244421,0.210463759,0.191874172,0.369394521
ireland,2015,44.75433408,231.5333332,0.128463363,-0.086339418,0.489941803
ireland,2016,47.68833406,264.4833312,0.032478186,0.185143286,0.407122025
ireland,2017,47.3422581,390.9069983,-0.572411173,0.084323518,0.279744502
ireland,2018,46.54142851,612.6892323,-0.075628244,-0.185264579,0.550252129
ireland,2019,53.70771451,605.8347662,0.162529448,-0.234500123,0.25872352
ireland,2020,57.99852906,611.2943957,-0.136011866,-0.165883784,-0.011592388
ireland,2021,58.94312506,647.7849981,0.660753532,0.710295431,0.476650141
ireland,2022,60.7626083,600.7500005,0.455112301,0.534459691,0.50895022
israel,2011,32.01142886,230.670005,0.295957747,0.727113408,1.0123203
israel,2012,34.40857101,264.3099945,0.25942904,0.024853737,0.44341636
israel,2013,40.54571471,252.3399945,-0.498348273,-1.077916323,0.023155993
israel,2014,40.15142784,237.5049945,0.00595785,0.188958106,-0.075744657
israel,2015,44.88285629,243.7449995,-0.596726966,-0.199310856,-0.06720977
israel,2016,48.28142801,205.5633303,-1.191526033,-0.45918288,0.219989287
israel,2017,48.99857071,203.3366733,-0.12957686,0.159100663,-0.00715926
israel,2018,52.10285656,192.9000067,-0.327014578,-0.144928273,-0.439979951
israel,2019,46.93125023,188.0566666,0.091833935,0.275801279,-0.044575217
israel,2020,54.91125013,171.7166687,-0.71669046,-0.999638769,-0.329904087
israel,2021,53.82624963,100.7059998,-0.341325927,0.163094886,-0.2186054
israel,2022,54.42875013,209.1966665,-0.38073387,0.093833381,-0.266314521
italy,2011,63.4906665,1152.613795,0.04200244,-0.093106239,0.135736989
italy,2012,65.06133277,1068.416195,0.4439658,0.401315694,0.359095437
italy,2013,65.74033337,768.911759,0.134456628,0.065400771,0.189362354
italy,2014,64.41366647,818.9399905,-0.002815714,0.445555273,0.277546983
italy,2015,64.33878742,1012.371606,0.159272466,0.264311289,0.37225489
italy,2016,66.61878797,511.6704866,0.318237992,0.218306623,0.409366874
italy,2017,64.20377758,556.4544368,0.458892315,-0.016031227,0.225849005
italy,2018,59.52426252,675.4536623,0.634601399,0.635536562,0.352795597
italy,2019,63.87901607,836.4789405,0.564101786,0.154215645,0.439664011
italy,2020,66.37305063,1487.657919,0.129854952,-0.002488878,0.327652223
italy,2021,68.21526279,1455.611888,0.634076417,0.709948351,0.604268015
italy,2022,70.62846117,1359.053266,0.272084541,0.077956621,0.369701876
japan,2011,59.9397142,221.9687711,0.438933302,0.089703839,0.062981948
japan,2012,60.18125629,420.7089339,0.821707924,0.554188008,0.876617595
japan,2013,60.20914583,546.1657136,0.530923923,0.311686882,0.718374171
japan,2014,61.32159906,579.9935974,0.519768465,0.198812657,0.875035711
japan,2015,63.36058828,722.7732699,0.531665819,0.389258508,0.357540867
japan,2016,64.39281742,843.3224807,0.414988542,0.410581967,0.583368733
japan,2017,65.79371869,919.7815016,0.372578341,0.30940755,0.39571109
japan,2018,67.82708653,995.847935,0.598055769,0.343781503,0.378570217
japan,2019,70.178321,1528.763896,0.701206989,0.598500328,0.459727744
japan,2020,71.07292382,1781.151919,0.27758366,0.453514535,0.194382428
japan,2021,71.11657015,1791.759497,0.742189353,0.685167158,0.630155784
japan,2022,70.09917028,1860.790853,0.387216536,0.462429722,0.395901617
jersey,2011,,,,,
jersey,2012,,,,,
jersey,2013,0,,,,
jersey,2014,8,,,-0.95057982,
jersey,2015,9.1499996,,,-0.051222678,
jersey,2016,9.6099997,,,0.12763268,
jersey,2017,6.0799999,,,0.61643064,
jersey,2018,8.5299997,,,-0.11182889,
jersey,2019,29.6449995,34.59,,-1.6575029,
jersey,2020,42.9349995,572.35995,0.69502389,-0.99641185,-0.054858688
jersey,2021,43.3500005,825.8950001,-0.1290994,-0.02399976,-0.08068213
jersey,2022,39.8399995,572.3400001,-0.758294102,-0.052918315,-0.76256079
kazakhstan,2011,52.060001,,,0.86560714,
kazakhstan,2012,52.130001,,,0.19382544,
kazakhstan,2013,48.299999,,,0.59850919,
kazakhstan,2014,46.57,,,0.33058113,
kazakhstan,2015,40.830002,,,0.80794364,
kazakhstan,2016,41.639999,,-0.078607216,-0.064576104,
kazakhstan,2017,41.4700015,,-0.27428505,2.65300205,
kazakhstan,2018,43.49,,-0.91957819,-0.43139429,
kazakhstan,2019,49.615,,0.070308745,-0.2723134,
kazakhstan,2020,53.879999,,-0.006661076,-0.18584088,
kazakhstan,2021,57.380001,,0.763882635,0.39841834,
kazakhstan,2022,64.019997,,0.55153887,0.064871795,
kuwait,2011,43.66,,,-0.75986534,
kuwait,2012,54.610001,,,-1.0641289,
kuwait,2013,56.669998,,,-0.23144284,
kuwait,2014,46.790001,,,0.99319899,
kuwait,2015,47.119999,,-0.63295233,0.27682954,
kuwait,2016,53.23,,,-0.44687268,
kuwait,2017,58.580002,,,-0.2977553,
kuwait,2018,37.93,,,2.4065845,
kuwait,2019,37.869999,,,0.36110398,
kuwait,2020,44.389999,219.87,0.031765997,-0.47879979,
kuwait,2021,38.189999,333.62,0.71511686,1.7683619,0.66940194
kuwait,2022,37.689999,280.98001,0.61390686,0.88039911,0.55720615
lithuania,2011,,,,,
lithuania,2012,,,,,
lithuania,2013,,,,,
lithuania,2014,,,,,
lithuania,2015,,,,,
lithuania,2016,,,,,
lithuania,2017,,,,,
lithuania,2018,,,,,
lithuania,2019,,,,,
lithuania,2020,,,,,
lithuania,2021,,,-0.180436335,,
lithuania,2022,,,-0.19256778,,
luxembourg,2011,33.98399922,1040.429951,-1.6303546,-0.579999828,0.69081599
luxembourg,2012,34.89999964,1126.24495,-0.69485903,-0.044307091,-0.374539904
luxembourg,2013,38.92600002,1285.26495,-0.745949685,-1.039162048,0.082538455
luxembourg,2014,43.01166633,1306.71505,-0.93008739,-0.747694531,-0.622836365
luxembourg,2015,42.43375025,1106.776633,-1.306806247,-0.412811822,-0.517705744
luxembourg,2016,43.52222267,1229.170033,-1.3752928,-0.413013279,-0.305936305
luxembourg,2017,44.96000067,1523.89505,-0.714405262,-0.39690831,-0.43159936
luxembourg,2018,46.0880001,1350.50505,-0.537548917,-0.248974814,0.170600181
luxembourg,2019,50.6690004,1033.41663,-0.074781901,-0.061505755,-0.23383984
luxembourg,2020,54.0120007,1144.323353,-0.570378256,-0.089723202,-0.580827045
luxembourg,2021,59.2630009,781.8237388,-0.289569103,-1.137044072,-0.681729674
luxembourg,2022,64.50285771,719.0485543,-0.342816167,-0.292326553,-0.44553602
malaysia,2011,35.61749982,60.48,2.065655,0.02901405,
malaysia,2012,36.48692292,60.98,0.27036718,0.375346788,1.9457048
malaysia,2013,36.81999938,61.380001,1.38703215,0.285284543,2.3164809
malaysia,2014,37.87615346,67.040001,-0.55336088,-0.226453939,-0.009333011
malaysia,2015,41.21000058,45.8450001,-0.457671068,-0.02967088,0.1549768
malaysia,2016,43.53294147,592.9199993,-1.321907794,-0.525222677,0.035087967
malaysia,2017,42.33388867,839.56,-1.096170003,0.075635207,-0.463698014
malaysia,2018,43.81764735,630.8525025,-0.88427907,-0.291295198,-3.320419078
malaysia,2019,50.0831255,318.4020018,-0.259875021,0.225765382,-1.886254802
malaysia,2020,54.44400033,686.248739,-0.359504416,-0.035937419,-1.141045675
malaysia,2021,54.86625019,1885.492227,0.222967664,0.153465181,1.245542026
malaysia,2022,58.44416533,2028.851672,-0.582447266,-0.256769537,0.202846306
malta,2011,,,,,
malta,2012,,,,,
malta,2013,,,,,
malta,2014,,,,,
malta,2015,47.720001,8.3299999,,,
malta,2016,35.189999,8.5299997,,1.6270287,-0.049447071
malta,2017,27.559999,7.1100001,,0.5705207,-0.12830052
malta,2018,28.25,5.4200001,-1.1688906,-0.81598908,-1.5017869
malta,2019,32.23,6.5100002,-0.60137528,-0.43310252,-1.0495964
malta,2020,34.610001,2.76,-0.12890914,-0.06109973,-0.84022236
malta,2021,40.41,1.88,-0.047515724,-0.58110124,0.21062426
malta,2022,40.630001,5.3499999,-0.27367032,-0.29713798,0.13488877
marshall islands,2011,,,,,
marshall islands,2012,,,,,
marshall islands,2013,,,,,
marshall islands,2014,,,,,
marshall islands,2015,,,,,
marshall islands,2016,,,,,
marshall islands,2017,,,,,
marshall islands,2018,,,,,
marshall islands,2019,,,,,
marshall islands,2020,,,,,
marshall islands,2021,,,0.43722042,,
marshall islands,2022,,,0.21880686,,
mexico,2011,44.47363663,1278.973333,-0.34384848,0.339109119,-0.101708167
mexico,2012,48.78769223,1019.257498,0.243010805,-0.650722573,0.662188083
mexico,2013,49.22230777,176.9433343,-0.206172727,-0.062140885,0.228656192
mexico,2014,46.87812513,1101.9675,-0.129460641,-0.463887679,-0.03881829
mexico,2015,51.72499975,63.65666733,-0.37589875,-0.312521517,0.201743646
mexico,2016,51.19421073,69.54666667,-0.050919882,0.064152706,0.259769313
mexico,2017,53.43850015,603.54402,-0.775956647,-0.11271338,0.303885307
mexico,2018,56.14304371,2508.512476,0.206885266,-0.32346914,1.833913404
mexico,2019,57.73124958,2284.99455,0.56734585,0.389697659,0.593189389
mexico,2020,61.29666683,2185.200659,-0.116970569,-0.082898188,0.103048894
mexico,2021,58.8256004,1902.893114,0.240269793,0.475561974,0.92884893
mexico,2022,58.43708338,1134.417854,-0.163148113,0.289820435,-0.069742994
mongolia,2011,,,,,
mongolia,2012,,,,,
mongolia,2013,,,,,
mongolia,2014,,,,,
mongolia,2015,,,,,
mongolia,2016,,,,,
mongolia,2017,,,,,
mongolia,2018,,,,,
mongolia,2019,,,,,
mongolia,2020,,,-1.2844042,,
mongolia,2021,55.290001,2829.1299,-0.29597744,,
mongolia,2022,45.369999,24210.6,-1.3762099,0.13701789,3.3048632
netherlands,2011,64.56703763,269.2153354,0.413390237,0.213043349,0.165455856
netherlands,2012,64.07285668,314.8942867,0.738753659,0.594328577,0.701227845
netherlands,2013,62.84241407,334.6538456,0.464401477,0.690485927,0.308145888
netherlands,2014,59.37069003,293.6878587,0.327137367,0.764423189,0.4372861
netherlands,2015,59.87933313,239.4739975,0.337568618,-0.016874315,0.23300974
netherlands,2016,61.04843816,385.947357,0.423196696,0.561576658,-0.959149955
netherlands,2017,61.97838714,342.6329339,0.47319009,0.402054108,0.538270347
netherlands,2018,58.6447225,496.4635051,0.686939682,0.596198981,0.31283687
netherlands,2019,59.81973739,881.0486971,0.723642439,0.649935555,0.960304414
netherlands,2020,61.84179538,915.425385,0.395616825,0.113116289,0.349354814
netherlands,2021,63.58024993,913.3733288,0.824352205,0.742181058,0.679155234
netherlands,2022,66.02394784,2038.496557,0.346492659,0.251851519,0.512184609
new zealand,2011,37.87333315,200.3450005,-0.142123928,-0.278672314,1.8641331
new zealand,2012,34.07428573,71.5014276,-0.004823036,0.447248163,0.60620229
new zealand,2013,33.84458343,68.2949985,-0.291581049,-0.32080492,0.388959695
new zealand,2014,28.45515175,83.57000156,-0.083215542,0.486205619,0.79095995
new zealand,2015,27.08285732,116.8318192,-0.147401076,-0.002905594,-0.171951766
new zealand,2016,28.68625012,99.09928547,-0.090170938,-0.472342406,0.105116
new zealand,2017,30.0691073,235.5373678,0.163377147,-0.253182994,0.344189715
new zealand,2018,35.29218191,285.0087996,0.10142547,0.007320755,-0.211719605
new zealand,2019,39.00425919,249.203333,0.301229053,0.295094262,0.139099634
new zealand,2020,43.3523636,264.4694627,-0.301849399,-0.732820012,0.113124583
new zealand,2021,47.29672731,297.8886877,0.341704034,0.450049599,0.240514433
new zealand,2022,47.15178568,324.3335001,-0.227838984,0.058574431,0.001824043
nigeria,2011,,,,,
nigeria,2012,,,-1.2427962,,
nigeria,2013,,,,,
nigeria,2014,,,,,
nigeria,2015,,,,,
nigeria,2016,,,,,
nigeria,2017,,,,,
nigeria,2018,,,,,
nigeria,2019,,,-1.5946496,,
nigeria,2020,,,-1.1237218,,
nigeria,2021,,,0.62351549,,
nigeria,2022,35.5,,0.6194126,,
norway,2011,51.55999967,460.0587491,0.048633096,-0.30822042,-0.890955314
norway,2012,54.30222217,416.7563589,0.359168243,0.154028917,0.069402402
norway,2013,53.62444456,687.9199814,-0.024637336,0.175946336,0.355462212
norway,2014,51.12947379,699.001683,0.055213505,0.261890083,0.369023008
norway,2015,52.7335004,819.6257254,0.189061076,0.130544634,0.835976234
norway,2016,51.85550041,1751.571443,0.164835765,0.509333362,0.510337755
norway,2017,54.50956512,1196.908911,0.193598707,-0.020235411,0.284668327
norway,2018,54.28256431,818.143584,0.458381957,0.572287177,0.452125804
norway,2019,59.35281977,620.6893211,0.534485282,0.216447936,0.471380933
norway,2020,59.81863648,631.0270588,0.268897279,0.117505234,0.382720474
norway,2021,61.75139528,1254.736414,0.761581219,0.666817643,0.831984679
norway,2022,61.1702439,1180.156053,0.428201688,0.602633164,0.412689778
panama,2011,7.6100001,,,,
panama,2012,7.8200002,,,0.29598206,
panama,2013,6.3099999,,,0.24708319,
panama,2014,5.54,,,0.23939221,
panama,2015,6.0100002,,,0.47031543,
panama,2016,8.7600002,,,-0.099259816,
panama,2017,3.3299999,,,0.95863378,
panama,2018,3.3299999,,,0.1559765,
panama,2019,4.75,,,0.22506408,
panama,2020,5.1799998,,,0.34335101,
panama,2021,6.3099999,,0.17895533,0.28690755,
panama,2022,5.5500002,,0.21880686,0.57392836,
peru,2011,58.360001,21.209999,-1.3042361,-1.2836723,
peru,2012,57.57,8.7200003,-0.7883102,-0.45093298,-0.71616077
peru,2013,49.740002,,-0.699170537,0.035370849,
peru,2014,18.120001,,-1.3539047,1.346374,
peru,2015,21.84,,-0.742665025,-1.4860678,
peru,2016,30.200001,,-0.63502431,-2.2214022,
peru,2017,59.73,,-0.337297535,-3.7029133,
peru,2018,66.540001,,-2.122875,-2.5242741,
peru,2019,66.730003,5.54,-1.9311756,-1.5962421,
peru,2020,86.82,5.3400002,-2.9006996,-5.1123257,-2.9500771
peru,2021,86.610001,6.3699999,-0.50819248,-0.23396361,-0.61443144
peru,2022,84.800003,9.4700003,-0.95560974,-0.41583738,-1.0027109
philippines,2011,27.32454573,87.879997,0.00023788,0.032108229,0.7521646
philippines,2012,41.85181799,363.1666723,-0.349364057,-1.436967099,0.000670386
philippines,2013,39.4416671,536.2187516,0.177732765,-0.084319214,0.000572552
philippines,2014,43.99250016,370.2012475,-0.079000545,-0.430511481,-0.527594096
philippines,2015,47.70416633,397.4883393,-0.799474745,-0.278640153,-0.231889892
philippines,2016,48.39083357,542.8500183,-0.57188761,-0.081214884,0.05278679
philippines,2017,51.84583325,2127.144276,-0.89513919,-0.487632368,0.387057783
philippines,2018,54.54999827,9616.413052,-0.95230776,0.119752659,-0.635619288
philippines,2019,55.81363564,8548.711988,-0.642479404,-0.113367035,-1.886684551
philippines,2020,56.33545473,4714.575587,0.310401275,0.227875222,-1.209580909
philippines,2021,56.20636382,4574.761271,0.306955514,0.435768439,0.49844591
philippines,2022,57.42999945,3777.761137,-0.041505728,0.039707465,0.162643138
poland,2011,27.55181809,,-1.29191353,0.742423523,
poland,2012,29.38454608,,-0.257650155,0.12436286,
poland,2013,28.33000025,,0.07239095,0.262297899,
poland,2014,24.20230761,,0.647319205,0.170647549,
poland,2015,27.68615367,,-0.26025609,-0.118524539,
poland,2016,29.61846155,,-0.482124135,-0.043084158,
poland,2017,42.02583266,,-1.10164293,-0.747792512,
poland,2018,49.37857041,763.6200033,,-0.408138346,
poland,2019,53.72785651,250.5400033,-1.5946496,-0.08623501,0.691802493
poland,2020,62.5271435,332.3049967,-1.461420706,-0.700655507,0.02531106
poland,2021,63.19312488,1641.743998,0.003908997,0.092770795,0.19083239
poland,2022,65.42749981,1177.914173,-0.600990804,-0.650137441,-0.639355573
portugal,2011,73.89222389,168.2588888,0.202845414,-0.060513568,0.078536226
portugal,2012,73.9337505,346.5771289,0.759398273,0.914176844,0.823806708
portugal,2013,73.20999963,320.8750018,0.40628301,0.739873331,0.178031284
portugal,2014,65.18250013,362.4600002,0.342981515,1.347679765,0.115216209
portugal,2015,70.13714386,439.7833187,0.482610392,0.561548323,0.553720913
portugal,2016,71.43428586,429.9416827,0.135084509,0.187132884,0.173203361
portugal,2017,64.42125038,415.2500017,0.2181937,1.001135254,0.192373982
portugal,2018,57.47090982,400.2349954,0.791921693,0.918586151,0.637704119
portugal,2019,63.36636265,847.3766666,0.636787004,0.185832913,1.16135891
portugal,2020,66.04818192,1067.920003,0.563629845,0.40893414,0.43438583
portugal,2021,70.85636401,901.6988767,0.990652477,0.375747296,0.923607241
portugal,2022,71.29181707,693.1644411,0.943079043,0.914952388,0.958131322
qatar,2011,16.67,,,,
qatar,2012,15.26,,,0.3130056,
qatar,2013,15.25,,,0.076610461,
qatar,2014,15.45,,,0.092520952,
qatar,2015,23.42,,,-0.47283953,
qatar,2016,24.459999,,,0.16029453,
qatar,2017,28.07,,-1.5816482,-1.7123657,
qatar,2018,77.169998,,-0.88427907,-5.6101365,
qatar,2019,75.400002,,-0.76198089,-0.22187109,
qatar,2020,72.699997,,-0.64495683,0.00024558,
qatar,2021,75.599998,,-0.07129629,-0.20153157,
qatar,2022,73.230003,,-0.22316866,0.43342575,
russia,2011,33.94714262,,-1.128717754,0.332417327,
russia,2012,34.975238,388.78,-0.68591685,0.082163561,
russia,2013,35.64857104,324.31,-0.123716953,0.021767347,0.27789119
russia,2014,41.013182,715.90997,-0.825771922,-0.440744403,0.17130569
russia,2015,41.12826062,555.125,-1.284883378,-0.21054418,-0.97672457
russia,2016,43.72695627,268.64999,-1.157495096,-0.350390619,-0.50264871
russia,2017,48.68782622,343.9,-0.753186593,-0.331178846,-0.6803959
russia,2018,51.41153842,2427.143298,-0.009237123,-0.153467446,-0.29135312
russia,2019,52.93520056,3293.82362,-0.196496081,0.063573027,-0.473369051
russia,2020,53.59920044,5299.590682,-0.561938376,-0.114031664,0.179135862
russia,2021,60.01473711,2605.855315,0.412982013,-0.039300012,-0.046992378
russia,2022,56.51272746,1359.717528,-0.247023548,0.550904778,-0.098324715
saudi arabia,2011,26.73,,,0.84861571,
saudi arabia,2012,56.860001,,,-2.7751637,
saudi arabia,2013,55.43,,,0.21467859,
saudi arabia,2014,66.019997,,,-1.0414513,
saudi arabia,2015,71.379997,,,-0.44190329,
saudi arabia,2016,70.610001,,,0.22694662,
saudi arabia,2017,76.290001,,,-0.31137076,
saudi arabia,2018,75.110001,,,0.45321956,
saudi arabia,2019,83.080002,,0.47247857,-0.099762864,
saudi arabia,2020,82.400002,5392.5,0.26547173,0.75024229,
saudi arabia,2021,80.389999,3474.6001,0.44156975,1.0552201,-0.32307708
saudi arabia,2022,76.779999,3456.45,1.0789528,2.0491679,1.2055686
singapore,2011,37.13111089,464.069996,-0.23481949,-0.197787376,0.93333989
singapore,2012,44.28105216,464.722843,0.304931075,-0.294324963,-0.705457885
singapore,2013,46.37105263,259.6866498,0.129425919,-0.079331928,0.429097967
singapore,2014,45.95736821,38.8900004,-0.321733907,-0.071508714,0.148928744
singapore,2015,51.95411771,59.20142783,0.05146478,-0.368655172,0.774854793
singapore,2016,55.96058841,52.76428616,-0.151035129,-0.499197178,0.499175189
singapore,2017,60.28941235,43.35714289,-0.097769079,0.118569128,0.331528855
singapore,2018,60.21235276,40.30285701,0.066797161,0.44942646,0.156299401
singapore,2019,60.69315779,710.0036543,0.264023022,0.253904154,0.124468835
singapore,2020,64.11736858,1150.764984,-0.614838741,-0.774788628,-0.416787203
singapore,2021,69.27055583,838.0000191,0.686363011,0.229500116,0.522400291
singapore,2022,68.3193336,1096.084572,0.063747559,0.419625152,0.238861892
slovenia,2011,,,-1.2942599,,
slovenia,2012,,,,,
slovenia,2013,,,,,
slovenia,2014,,,,,
slovenia,2015,,,,,
slovenia,2016,,,,,
slovenia,2017,,,,,
slovenia,2018,,,,,
slovenia,2019,,,,,
slovenia,2020,,,,,
slovenia,2021,,,,,
slovenia,2022,,,,,
south africa,2011,46.06227705,1350.862974,-0.036007378,-0.444274387,0.301836997
south africa,2012,45.50685023,1393.592573,0.420325593,0.443940112,0.497299938
south africa,2013,46.46573636,1383.76383,-3.74E-07,-0.295044388,-0.08048015
south africa,2014,48.49224792,1471.570138,0.203659705,0.062325609,0.541094251
south africa,2015,50.77387587,2005.523219,0.307136578,0.167170386,0.837524045
south africa,2016,51.74333341,1737.635354,0.228301837,0.316568428,0.020399188
south africa,2017,51.94908403,1513.005115,0.12917496,0.370612626,-0.107283431
south africa,2018,53.16169235,1785.222434,0.356729393,0.316769386,0.457559528
south africa,2019,55.14429684,1960.790259,0.39326915,0.581164712,0.622919872
south africa,2020,56.26661397,1649.11307,0.092808747,0.312479312,0.104443298
south africa,2021,57.1240321,1835.021284,0.618521,0.654063736,0.582587593
south africa,2022,57.46729736,1847.863297,-0.039471201,0.16903787,0.086917298
south korea,2011,52.92000009,272.9723679,0.097373174,0.179703863,0.372656116
south korea,2012,56.88685416,210.7061704,0.509686187,0.30553531,0.595499778
south korea,2013,55.41825005,131.217308,0.285704471,0.367764291,0.463394191
south korea,2014,54.94444437,147.9827584,0.277199131,0.374204047,0.292464963
south korea,2015,54.7473172,173.5903895,0.421826806,0.556644598,0.452195623
south korea,2016,56.61111063,194.3799957,0.328811247,0.24589442,0.631227517
south korea,2017,60.10000006,273.6932329,0.356050945,0.236833503,0.458857777
south korea,2018,63.54682927,279.8462448,0.711432237,0.314505022,0.665925148
south korea,2019,62.33764026,394.6122943,0.622507692,0.671268534,0.507010682
south korea,2020,65.27409101,882.8441067,0.151612008,0.114644056,0.372287074
south korea,2021,67.81651712,1253.692313,0.541497031,0.396467424,0.762710969
south korea,2022,71.34544404,1223.793606,0.320444765,-0.046141717,0.44928225
spain,2011,69.49243208,3056.147426,0.296696065,-0.037416288,0.448865081
spain,2012,70.61500016,23135.90551,0.685371025,0.604001541,0.731848209
spain,2013,72.40684171,511.3517936,0.669757682,0.3075349,0.590986507
spain,2014,70.88846167,628.8756695,0.635803485,0.675519952,0.584527939
spain,2015,71.36374923,678.585161,0.693078757,0.726453876,0.770456113
spain,2016,71.85731695,790.2557669,0.635375771,0.495024883,0.753187166
spain,2017,69.31933309,708.0744501,0.366847198,0.431462198,0.227446286
spain,2018,66.82811334,546.3365822,0.579812215,0.484736524,0.530953267
spain,2019,69.80358464,696.8581813,0.695058897,0.662950961,0.684385736
spain,2020,73.30942315,1036.899993,0.448169896,0.312605989,0.681784956
spain,2021,74.62040794,940.9414295,0.830621832,0.750713543,0.875869192
spain,2022,77.147708,561.0599956,0.583881001,0.220969801,0.449363015
sweden,2011,57.40658505,142.0190303,0.025944,-0.11031178,0.215518538
sweden,2012,57.36619015,111.1628111,0.446908505,0.420854873,0.293454793
sweden,2013,56.90113675,89.9566646,0.269064973,0.290408845,0.294178112
sweden,2014,57.1061699,100.2204546,0.214477935,0.168598419,-0.029908305
sweden,2015,56.8890384,118.1291675,0.165684478,0.152627052,0.342864309
sweden,2016,58.46113208,204.6889277,0.311598109,0.158355284,0.744170067
sweden,2017,57.75543881,573.5106058,0.135172107,0.126922989,0.351902709
sweden,2018,55.03733342,447.6402272,0.13823569,0.181405586,0.192385985
sweden,2019,57.27287469,466.4807536,0.348637399,0.270069195,0.337158194
sweden,2020,59.66325296,344.1467278,0.073000916,0.090273236,0.237721933
sweden,2021,60.47851863,283.821206,0.692556268,0.78030551,0.586341841
sweden,2022,61.1315066,704.1359669,0.236267473,0.252081395,0.461615783
switzerland,2011,57.80106382,268.0737504,0.065980918,-0.014195142,0.602393396
switzerland,2012,57.04754675,225.6093572,0.334619982,-0.120182898,0.522213572
switzerland,2013,58.67482116,400.8731096,-0.018375634,-0.214826605,0.483511786
switzerland,2014,59.96821403,366.3765656,0.036037005,0.118050184,0.311166811
switzerland,2015,62.62803555,468.6490464,0.068773015,0.019018416,0.197380925
switzerland,2016,63.72981882,191.2771889,0.075912229,0.271875728,0.443541087
switzerland,2017,64.11633337,196.8222252,0.079393596,0.087123508,0.307935712
switzerland,2018,60.80802756,361.8082497,0.20173797,0.195144533,0.207344644
switzerland,2019,64.27507014,496.5043692,0.240782059,0.126826125,0.247263065
switzerland,2020,65.20328788,563.4008221,-0.111243782,0.173131575,-0.082925933
switzerland,2021,68.02972211,518.3667854,0.489346223,0.301801727,0.396643246
switzerland,2022,68.73777805,713.1264723,0.122071075,0.058972608,0.308003068
taiwan,2011,36.56803287,468.2215361,-0.129969643,0.68873362,0.561989208
taiwan,2012,41.0855555,323.9166688,0.47693527,-0.049459511,0.826581551
taiwan,2013,41.81906238,148.1999997,-0.060269894,-0.011641926,0.542526397
taiwan,2014,45.58062514,194.1653824,-0.092976833,-0.172765486,0.393458611
taiwan,2015,52.36546872,350.1817693,-0.059960316,-0.38387721,0.456928699
taiwan,2016,56.82718733,379.5660054,-0.044289886,-0.097416248,0.451542507
taiwan,2017,58.93828141,372.4867958,-0.07617892,0.036762407,0.318620825
taiwan,2018,61.84863636,434.3509674,0.311598072,0.170661414,0.841726589
taiwan,2019,64.66911759,763.4561992,0.500030187,0.309600716,0.603011356
taiwan,2020,66.31130386,793.7595762,0.117333613,0.189533357,0.433242668
taiwan,2021,67.32111078,982.8290367,0.705780293,0.609196913,0.824956704
taiwan,2022,69.64324282,793.3540297,0.075074245,-0.032001381,0.2174201
thailand,2011,36.47000029,807.66999,-0.7644406,0.587869545,0.11222355
thailand,2012,43.92909083,734.3049948,-0.66324433,-0.760480572,-0.35534429
thailand,2013,43.94000039,708.753998,-0.388366517,-0.629811144,0.212436403
thailand,2014,50.34538423,637.9349998,-0.460506189,-0.658974194,-0.094055504
thailand,2015,54.86857164,773.4657174,-0.343591024,-0.31339892,-0.043891627
thailand,2016,58.15066653,1154.003336,0.047803769,-0.244611932,0.680032738
thailand,2017,61.54062475,988.7340002,0.306869101,-0.123258502,0.32991265
thailand,2018,62.06947337,1084.656642,0.287668526,-0.175720413,0.627286438
thailand,2019,60.51350056,1137.156997,0.222460197,0.352320738,0.16475323
thailand,2020,61.9330006,1862.170824,0.072393585,0.335335927,0.218523103
thailand,2021,63.59450025,1980.916434,0.519286291,0.18220653,0.823391147
thailand,2022,66.14894716,1615.950722,0.188845293,0.165803017,-0.010752162
turkey,2011,40.86166622,91.38749975,-0.186631952,0.86646334,-0.68867415
turkey,2012,46.64555578,58.65666618,0.41567515,-0.272937677,0.5818191
turkey,2013,46.89473705,120.8142857,-0.365599572,-0.153617188,0.058225425
turkey,2014,53.759,389.8929897,-0.016482416,-0.577974336,0.940498061
turkey,2015,63.2129998,176.4730091,0.345454607,-0.470194802,0.518360754
turkey,2016,64.61899965,147.8009075,0.535980092,0.295414441,0.372043725
turkey,2017,67.1690915,590.2569298,0.184698268,0.090075588,0.321425802
turkey,2018,67.81677448,682.5145156,0.554859737,0.198295589,0.247263447
turkey,2019,69.38878833,986.9422827,0.750926844,0.634625912,0.392926462
turkey,2020,75.41547588,3714.543397,0.559295486,-0.485658713,0.7009293
turkey,2021,78.93880943,5536.869981,1.030642193,0.672643133,1.712452273
turkey,2022,82.15045498,1803.348534,0.634137733,0.1218446,-1.070562846
uk,2011,49.76088328,513.2159481,0.131289884,-0.209591699,0.388214404
uk,2012,50.99411926,377.0623133,0.511254333,0.401513714,0.595467474
uk,2013,51.27209045,360.8010547,0.257188486,0.171801238,0.368052615
uk,2014,49.57049724,380.1694239,0.24152999,0.389835132,0.264973357
uk,2015,49.16172409,498.0518176,0.165088275,0.214122195,0.269742416
uk,2016,49.18924321,549.926299,0.221032846,0.357073639,0.242792271
uk,2017,48.45768191,502.8568163,0.172562966,0.235741428,0.209253929
uk,2018,48.96448929,460.1224002,0.306025391,0.24382832,0.214965125
uk,2019,51.76881408,555.2405439,0.415010149,0.186258568,0.451757415
uk,2020,54.56763922,812.7727857,0.045580169,-0.02910998,0.094012168
uk,2021,57.83595438,600.2014092,0.547972893,0.486849776,0.538063425
uk,2022,59.80175745,1449.351616,0.208665911,0.281584247,0.470911931
ukraine,2011,,,,,
ukraine,2012,,,,,
ukraine,2013,,,,,
ukraine,2014,,,,,
ukraine,2015,,,,,
ukraine,2016,,,,,
ukraine,2017,,,,,
ukraine,2018,,,,,
ukraine,2019,,,-0.26089746,,
ukraine,2020,,,-1.3216797,,
ukraine,2021,,,0.27822065,,
ukraine,2022,,,,,
united arab emirates,2011,13.25,,-2.25629,-2.4315138,
united arab emirates,2012,11.84,,,0.3130056,
united arab emirates,2013,11.79,,-2.2818155,-2.1992524,
united arab emirates,2014,74.049995,23.9,-1.2249314,-1.6551253,
united arab emirates,2015,89.6950005,45.254999,-0.73543996,-1.5936629,-0.029063564
united arab emirates,2016,89.144999,73.769997,-0.518048664,-0.16734075,-1.0364779
united arab emirates,2017,97.785001,60.094998,-0.73595627,-1.3495474,-1.2364877
united arab emirates,2018,103.225,54.835001,-0.35345227,-0.614759045,-0.40401518
united arab emirates,2019,98.454994,45.829999,-0.260897447,0.593257633,-0.37521895
united arab emirates,2020,98.3899995,44.87,-0.41938257,-0.10448915,-0.46897654
united arab emirates,2021,99.460001,63.415,-0.100422704,0.2112235,0.006627746
united arab emirates,2022,168.60001,13.38,0.19536911,-3.2298245,-0.047307812
usa,2011,46.36278217,532.4417815,0.12955184,0.049043226,0.449426093
usa,2012,48.94907439,732.2832566,0.384215329,0.2903798,0.644622826
usa,2013,48.66203022,461.4217472,0.020896921,0.051214256,0.295909834
usa,2014,48.60754005,579.0252999,-0.040693966,-0.043775181,0.114002933
usa,2015,47.79881888,783.8527253,-0.022787735,0.080047356,0.088614016
usa,2016,48.3167375,879.5654903,-0.034943385,0.000957823,0.247193781
usa,2017,50.33041364,938.4940995,0.050894323,0.04971092,0.247861566
usa,2018,53.08134259,938.6594593,0.241992629,0.011392781,0.423813498
usa,2019,56.46675011,1423.196755,0.334477631,0.207936279,0.588878423
usa,2020,59.62054781,1558.175418,-0.086300877,-0.043209095,0.27969313
usa,2021,61.90671414,1682.693487,0.475195283,0.388618965,0.507466486
usa,2022,63.63484288,1468.558346,-0.046642834,-0.014531066,0.081070218
